"isp_wan_id","public_ip"
5598,"182.78.45.154"
9946,"10.85.253.74"
11132,"137.97.229.62"
11133,"49.206.114.32"
10724,"10.85.253.122"
19798,"49.204.99.218"
5603,"115.245.156.238"
10726,"111.92.121.83"
5605,"122.169.96.106"
10727,"14.143.26.155"
10793,"125.21.115.62"
6721,"125.23.29.38"
10640,"203.163.224.222"
19115,"49.207.233.49"
19116,"125.23.28.66"
6723,"122.187.219.98"
10634,"103.97.241.144"
6724,"122.186.68.226"
10662,"122.176.149.66"
10832,"125.17.40.154"
20847,"49.207.194.139"
6727,"122.186.142.178"
10655,"180.151.118.6"
6731,"182.78.80.14"
26015,"183.82.5.22"
6732,"122.187.220.146"
10648,"183.83.240.87"
6733,"122.186.140.194"
10629,"180.151.116.15"
6736,"122.186.143.2"
10627,"123.176.34.219"
6737,"122.186.69.150"
10677,"27.56.145.243"
6738,"125.23.40.246"
10651,"103.16.202.246"
6741,"49.43.161.198"
10650,"59.99.154.190"
20761,"122.187.220.178"
19113,"122.187.125.246"
19114,"192.168.18.101"
6743,"125.23.242.254"
10647,"183.82.58.139"
6744,"125.23.240.98"
10622,"49.205.112.163"
6745,"122.186.142.150"
10623,"183.82.100.24"
6746,"182.79.51.46"
10624,"103.143.147.27"
6747,"122.186.140.214"
20845,"183.82.121.249"
6749,"122.186.243.230"
10658,"115.187.59.2"
6750,"122.186.66.26"
10652,"103.210.45.198"
6751,"122.186.66.14"
10675,"27.0.183.198"
6752,"122.186.65.98"
10653,"182.69.118.167"
6753,"122.186.68.50"
10661,"122.176.143.252"
6755,"182.78.134.30"
10678,"122.176.144.101"
10631,"49.36.144.224"
21590,"180.151.195.9"
6757,"122.186.68.230"
10654,"122.176.144.67"
6758,"122.186.68.122"
10660,"122.176.144.123"
6760,"182.78.96.174"
11065,"192.168.1.2"
6761,"182.78.80.138"
11329,"183.82.242.135"
6762,"122.186.164.214"
10663,"103.82.208.89"
6763,"182.78.177.6"
10635,"103.149.197.177"
6764,"122.187.222.194"
10633,"111.125.249.238"
6765,"122.187.219.110"
10638,"45.252.74.187"
6766,"125.20.253.126"
10670,"115.246.164.3"
10679,"103.100.217.99"
19739,"203.145.57.94"
6768,"122.186.65.58"
10665,"122.176.144.121"
6769,"122.187.59.178"
10669,"122.176.144.119"
10642,"122.186.65.62"
10643,"122.176.144.110"
6771,"182.76.100.142"
10636,"103.102.64.150"
6772,"182.75.13.234"
10630,"103.233.219.84"
6773,"125.23.147.250"
10668,"111.125.241.16"
6774,"182.79.59.138"
10649,"202.134.154.32"
10676,"103.141.110.163"
20411,"182.78.141.6"
6776,"122.187.219.106"
10628,"103.131.92.200"
6777,"122.187.219.174"
10621,"60.254.112.69"
6778,"122.186.165.130"
10626,"182.70.127.154"
10690,"116.72.227.52"
10691,"122.173.51.209"
10692,"49.248.100.188"
10695,"122.160.111.245"
12477,"223.236.215.72"
11089,"122.163.100.184"
11184,"115.96.158.6"
9959,"172.25.3.122"
5602,"139.167.42.198"
10731,"106.51.67.233"
8705,"182.79.79.138"
8706,"136.232.94.38"
9921,"106.51.68.36"
9947,"115.110.171.82"
9948,"182.77.50.89"
10682,"210.89.34.44"
9949,"14.141.111.83"
10683,"103.50.83.73"
9950,"125.20.158.194"
10797,"106.51.3.113"
9951,"14.142.227.74"
10684,"49.205.45.37"
9952,"14.143.151.2"
10685,"115.245.102.158"
9953,"14.141.134.11"
10686,"122.160.68.159"
9954,"10.85.253.194"
10687,"103.82.210.93"
9955,"14.140.119.51"
10688,"49.37.34.25"
9956,"103.82.208.114"
10728,"121.243.51.106"
9957,"103.114.210.91"
13890,"117.247.179.90"
9958,"203.200.18.198"
10729,"202.53.14.125"
10607,"114.29.232.174"
10741,"137.97.193.18"
10800,"121.244.134.118"
10831,"103.82.209.34"
10801,"14.143.2.10"
10812,"125.22.188.218"
10802,"47.247.145.18"
10813,"128.185.66.46"
10803,"122.187.118.6"
10814,"136.232.207.134"
10804,"47.247.165.78"
10815,"117.198.59.130"
10805,"103.151.157.234"
10816,"125.23.63.146"
10806,"128.185.38.66"
10817,"103.235.3.232"
10807,"14.140.166.187"
10818,"122.164.15.121"
10874,"14.143.147.114"
10893,"122.176.158.150"
10930,"14.142.18.94"
10950,"106.201.241.38"
10929,"182.78.97.18"
11319,"103.149.196.213"
11086,"49.36.67.177"
19970,"183.83.240.98"
11078,"125.23.27.122"
11193,"183.82.242.83"
11302,"125.20.135.162"
11303,"117.200.83.160"
11304,"152.52.106.206"
11305,"47.247.158.50"
11306,"103.106.100.82"
11307,"202.148.61.151"
11308,"103.103.213.93"
11311,"182.70.250.168"
11309,"125.23.51.86"
11310,"45.118.73.182"
11313,"182.66.123.42"
11314,"49.36.193.243"
11315,"203.134.205.175"
11316,"182.79.113.10"
11317,"14.142.11.98"
11318,"136.232.86.190"
11492,"125.19.245.141"
21300,"106.219.120.58"
21301,"119.82.90.221"
12702,"103.108.204.50"
12703,"10.85.253.246"
5596,"103.83.11.222"
9945,"139.167.238.202"
5601,"103.93.175.10"
10725,"14.142.193.242"
9944,"139.167.238.198"
10681,"103.83.9.148"
21309,"223.185.33.105"
21310,"116.73.132.158"
19429,"137.97.244.178"
19430,"103.194.70.36"
19445,"122.160.133.110"
19446,"14.140.207.58"
19447,"152.58.226.179"
19448,"203.132.138.166"
19493,"180.151.82.114"
19525,"106.219.123.235"
19522,"122.160.68.30"
20848,"14.142.248.194"
19455,"183.82.163.63"
19456,"103.121.115.71"
19523,"180.151.21.100"
20681,"180.151.14.130"
19458,"59.160.34.53"
19459,"59.160.34.221"
19553,"120.138.120.121"
20412,"122.187.219.206"
19490,"121.243.51.194"
19511,"183.82.123.163"
19512,"27.4.103.231"
19513,"117.254.37.237"
19532,"106.51.47.77"
22830,"125.19.231.70"
19740,"152.52.192.194"
19741,"192.168.1.104"
19563,"103.143.146.27"
20413,"182.78.158.78"
19768,"182.79.51.54"
19769,"103.131.93.15"
19770,"122.186.255.142"
19771,"122.176.27.73"
20415,"219.91.243.245"
20416,"106.201.234.181"
20472,"172.22.221.2"
20521,"122.186.165.138"
20522,"103.141.110.212"
21321,"103.159.47.102"
23406,"150.107.240.134"
20526,"49.37.36.95"
20527,"122.176.99.6"
20551,"122.175.42.55"
20552,"123.176.45.138"
20556,"103.144.64.247"
20557,"137.97.193.170"
20722,"103.82.208.141"
20723,"103.198.187.178"
20725,"103.122.15.12"
20726,"103.198.187.179"
20729,"103.122.15.13"
20730,"103.198.187.174"
20731,"103.198.187.177"
20732,"103.122.15.14"
22710,"122.179.159.213"
22711,"103.179.47.62"
23285,"183.82.122.204"
24188,"103.251.28.82"
25945,"136.232.88.62"
26011,"182.69.181.134"
26012,"122.186.66.10"
26013,"103.83.9.199"
26014,"14.141.134.130"
26020,"182.19.37.58"
26021,"14.195.37.114"
